10231023,3,4.678791887
10241024,4,0.741946737
10251025,3,6
10261026,4,1
10271027,3,5
10281028,4,
10291029,4,
10321032,4,
10341034,4,
10351035,4,
10361036,4,
10371037,3,
10381038,4,
10391039,4,
10421042,4,
10431043,4,
10451045,4,
10461046,3,
10471047,5,
10481048,4,
10491049,4,
10521052,4,
10531053,3,
10541054,3,
10561056,3,
10571057,3,
10581058,3,
10591059,4,
10621062,5,
10631063,3,
10641064,4,
10651065,4,
10671067,3,
10681068,3,
10691069,4,
10721072,4,
10731073,4,
10741074,3,
10751075,4,
10761076,4,
10781078,4,
10791079,4,
10821082,4,
10831083,5,
10841084,4,
10851085,4,
10861086,4,
10871087,4,
10891089,5,
10921092,4,
10931093,5,
10941094,4,
10951095,4,
10961096,4,
10971097,4,
10981098,4,
12031203,3,
12041204,4,
12051205,4,
12061206,4,
12071207,5,
12081208,4,
12091209,5,
12301230,3,
12341234,1,
12351235,2,
12361236,4,
12371237,5,
12381238,6,
12391239,6,
12401240,3,
12431243,2,
12451245,3,
12461246,4,
12471247,5,
12481248,6,
12491249,6,
12501250,4,
12531253,3,
12541254,3,
12561256,4,
12571257,3,
12581258,5,
12591259,5,
12601260,4,
12631263,4,
12641264,3,
12651265,3,
12671267,4,
12681268,5,
12691269,5,
12701270,3,
12731273,5,
12741274,5,
12751275,3,
12761276,3,
12781278,5,
12791279,4,
12801280,4,
12831283,6,
12841284,6,
12851285,5,
12861286,5,
12871287,4,
12891289,4,
12901290,4,
12931293,6,
12941294,6,
12951295,5,
12961296,5,
12971297,4,
12981298,4,
13021302,3,
13041304,4,
13051305,3,
13061306,3,
13071307,4,
13081308,5,
13091309,5,
13201320,3,
13241324,3,
13251325,2,
13261326,4,
13271327,5,
13281328,6,
13291329,6,
13401340,4,
13421342,2,
13451345,4,
13461346,3,
13471347,5,
13481348,6,
13491349,6,
13501350,3,
13521352,3,
13541354,4,
13561356,2,
13571357,4,
13581358,5,
13591359,5,
13601360,3,
13621362,4,
13641364,3,
13651365,3,
13671367,4,
13681368,5,
13691369,5,
13701370,4,
13721372,5,
13741374,5,
13751375,4,
13761376,4,
13781378,4,
13791379,5,
13801380,5,
13821382,6,
13841384,6,
13851385,5,
13861386,5,
13871387,4,
13891389,5,
13901390,5,
13921392,6,
13941394,6,
13951395,5,
13961396,5,
13971397,5,
13981398,5,
14021402,4,
14031403,4,
14051405,5,
14061406,3,
14071407,4,
14081408,4,
14091409,5,
14201420,4,
14231423,3,
14251425,4,
14261426,3,
14271427,5,
14281428,6,
14291429,6,
14301430,4,
14321432,4,
14351435,3,
14361436,3,
14371437,5,
14381438,6,
14391439,6,
14501450,4,
14521452,3,
14531453,3,
14561456,4,
14571457,4,
14581458,5,
14591459,5,
14601460,5,
14621462,4,
14631463,4,
14651465,4,
14671467,4,
14681468,5,
14691469,5,
14701470,4,
14721472,5,
14731473,5,
14751475,4,
14761476,4,
14781478,5,
14791479,5,
14801480,4,
14821482,6,
14831483,6,
14851485,5,
14861486,5,
14871487,4,
14891489,4,
14901490,5,
14921492,6,
14931493,6,
14951495,5,
14961496,5,
14971497,5,
14981498,5,
15021502,3,
15031503,4,
15041504,3,
15061506,4,
15071507,4,
15081508,4,
15091509,4,
15201520,3,
15231523,3,
15241524,3,
15261526,4,
15271527,4,
15281528,5,
15291529,5,
15301530,4,
15321532,3,
15341534,4,
15361536,4,
15371537,5,
15381538,5,
15391539,5,
15401540,5,
15421542,3,
15431543,4,
15461546,4,
15471547,6,
15481548,5,
15491549,5,
15601560,4,
15621562,4,
15631563,3,
15641564,3,
15671567,2,
15681568,4,
15691569,4,
15701570,3,
15721572,4,
15731573,4,
15741574,4,
15761576,3,
15781578,4,
15791579,4,
15801580,4,
15821582,5,
15831583,5,
15841584,5,
15861586,4,
15871587,4,
15891589,4,
15901590,4,
15921592,5,
15931593,5,
15941594,5,
15961596,4,
15971597,4,
15981598,4,
16021602,5,
16031603,3,
16041604,4,
16051605,3,
16071607,4,
16081608,4,
16091609,5,
16201620,4,
16231623,4,
16241624,3,
16251625,4,
16271627,4,
16281628,5,
16291629,5,
16301630,4,
16321632,4,
16341634,4,
16351635,3,
16371637,4,
16381638,5,
16391639,5,
16401640,4,
16421642,4,
16431643,4,
16451645,4,
16471647,4,
16481648,5,
16491649,5,
16501650,3,
16521652,4,
16531653,3,
16541654,3,
16571657,4,
16581658,5,
16591659,5,
16701670,4,
16721672,4,
16731673,4,
16741674,4,
16751675,3,
16781678,4,
16791679,4,
16801680,4,
16821682,5,
16831683,5,
16841684,5,
16851685,5,
16871687,4,
16891689,4,
16901690,5,
16921692,5,
16931693,5,
16941694,5,
16951695,5,
16971697,4,
16981698,4,
17021702,3,
17031703,6,
17041704,3,
17051705,4,
17061706,4,
17081708,4,
17091709,4,
17201720,4,
17231723,5,
17241724,5,
17251725,4,
17261726,4,
17281728,4,
17291729,4,
17301730,3,
17321732,5,
17341734,5,
17351735,3,
17361736,3,
17381738,4,
17391739,4,
17401740,5,
17421742,5,
17431743,5,
17451745,4,
17461746,4,
17481748,5,
17491749,5,
17501750,4,
17521752,5,
17531753,4,
17541754,4,
17561756,3,
17581758,4,
17591759,4,
17601760,4,
17621762,4,
17631763,4,
17641764,4,
17651765,4,
17681768,4,
17691769,4,
17801780,4,
17821782,4,
17831783,5,
17841784,4,
17851785,4,
17861786,4,
17891789,5,
17901790,5,
17921792,4,
17931793,5,
17941794,4,
17951795,4,
17961796,4,
17981798,4,
18021802,5,
18031803,5,
18041804,4,
18051805,3,
18061806,4,
18071807,4,
18091809,5,
18201820,4,
18231823,6,
18241824,6,
18251825,5,
18261826,5,
18271827,4,
18291829,5,
18301830,4,
18321832,6,
18341834,6,
18351835,5,
18361836,5,
18371837,4,
18391839,5,
18401840,4,
18421842,6,
18431843,6,
18451845,5,
18461846,5,
18471847,4,
18491849,5,
18501850,4,
18521852,5,
18531853,5,
18541854,5,
18561856,4,
18571857,4,
18591859,5,
18601860,3,
18621862,5,
18631863,5,
18641864,5,
18651865,4,
18671867,4,
18691869,5,
18701870,4,
18721872,4,
18731873,5,
18741874,4,
18751875,4,
18761876,4,
18791879,5,
18901890,5,
18921892,5,
18931893,5,
18941894,4,
18951895,5,
18961896,4,
18971897,4,
19021902,5,
19031903,5,
19041904,4,
19051905,5,
19061906,4,
19071907,4,
19081908,5,
19201920,4,
19231923,6,
19241924,6,
19251925,5,
19261926,5,
19271927,5,
19281928,5,
19301930,4,
19321932,6,
19341934,6,
19351935,5,
19361936,5,
19371937,4,
19381938,5,
19401940,4,
19421942,6,
19431943,6,
19451945,5,
19461946,5,
19471947,5,
19481948,4,
19501950,5,
19521952,4,
19531953,5,
19541954,5,
19561956,4,
19571957,4,
19581958,4,
19601960,5,
19621962,5,
19631963,5,
19641964,5,
19651965,4,
19671967,4,
19681968,4,
19701970,5,
19721972,5,
19731973,5,
19741974,4,
19751975,4,
19761976,4,
19781978,4,
19801980,4,
19821982,5,
19831983,5,
19841984,4,
19851985,4,
19861986,4,
19871987,4,
20132013,4,
20142014,4,
20152015,4,
20162016,4,
20172017,5,
20182018,4,
20192019,4,
20312031,4,
20342034,3,
20352035,3,
20362036,4,
20372037,4,
20382038,5,
20392039,5,
20412041,4,
20432043,4,
20452045,4,
20462046,3,
20472047,5,
20482048,5,
20492049,5,
20512051,4,
20532053,5,
20542054,4,
20562056,5,
20572057,4,
20582058,5,
20592059,5,
20612061,4,
20632063,4,
20642064,5,
20652065,5,
20672067,5,
20682068,5,
20692069,4,
20712071,5,
20732073,4,
20742074,3,
20752075,5,
20762076,5,
20782078,5,
20792079,6,
20812081,4,
20832083,5,
20842084,4,
20852085,5,
20862086,6,
20872087,5,
20892089,4,
20912091,5,
20932093,4,
20942094,4,
20952095,4,
20962096,5,
20972097,5,
20982098,4,
21032103,4,
21042104,4,
21052105,4,
21062106,4,
21072107,5,
21082108,5,
21092109,5,
21302130,4,
21342134,2,
21352135,3,
21362136,3,
21372137,5,
21382138,6,
21392139,6,
21402140,4,
21432143,2,
21452145,4,
21462146,5,
21472147,5,
21482148,6,
21492149,6,
21502150,4,
21532153,3,
21542154,4,
21562156,3,
21572157,4,
21582158,5,
21592159,5,
21602160,5,
21632163,3,
21642164,3,
21652165,4,
21672167,4,
21682168,5,
21692169,5,
21702170,5,
21732173,5,
21742174,5,
21752175,3,
21762176,4,
21782178,4,
21792179,5,
21802180,5,
21832183,6,
21842184,6,
21852185,5,
21862186,5,
21872187,4,
21892189,4,
21902190,5,
21932193,6,
21942194,6,
21952195,5,
21962196,5,
21972197,5,
21982198,5,
23012301,4,
23042304,4,
23052305,5,
23062306,4,
23072307,4,
23082308,4,
23092309,5,
23102310,3,
23142314,4,
23152315,2,
23162316,4,
23172317,5,
23182318,6,
23192319,6,
23402340,3,
23412341,3,
23452345,4,
23462346,4,
23472347,5,
23482348,6,
23492349,6,
23502350,5,
23512351,3,
23542354,4,
23562356,3,
23572357,5,
23582358,5,
23592359,5,
23602360,4,
23612361,3,
23642364,3,
23652365,4,
23672367,5,
23682368,5,
23692369,5,
23702370,4,
23712371,5,
23742374,5,
23752375,4,
23762376,4,
23782378,5,
23792379,5,
23802380,4,
23812381,6,
23842384,6,
23852385,5,
23862386,5,
23872387,5,
23892389,5,
23902390,4,
23912391,6,
23942394,6,
23952395,5,
23962396,5,
23972397,5,
23982398,5,
24012401,5,
24032403,4,
24052405,4,
24062406,4,
24072407,5,
24082408,5,
24092409,5,
24102410,4,
24132413,4,
24152415,5,
24162416,4,
24172417,5,
24182418,6,
24192419,6,
24302430,5,
24312431,3,
24352435,4,
24362436,4,
24372437,5,
24382438,6,
24392439,6,
24502450,4,
24512451,4,
24532453,4,
24562456,3,
24572457,5,
24582458,6,
24592459,6,
24602460,4,
24612461,5,
24632463,3,
24652465,3,
24672467,5,
24682468,6,
24692469,6,
24702470,4,
24712471,5,
24732473,5,
24752475,5,
24762476,5,
24782478,5,
24792479,5,
24802480,5,
24812481,6,
24832483,6,
24852485,6,
24862486,6,
24872487,5,
24892489,5,
24902490,5,
24912491,6,
24932493,6,
24952495,6,
24962496,6,
24972497,5,
24982498,5,
25012501,4,
25032503,4,
25042504,5,
25062506,5,
25072507,5,
25082508,5,
25092509,5,
25102510,4,
25132513,4,
25142514,4,
25162516,5,
25172517,3,
25182518,5,
25192519,5,
25302530,4,
25312531,3,
25342534,2,
25362536,4,
25372537,4,
25382538,5,
25392539,5,
25402540,3,
25412541,4,
25432543,4,
25462546,2,
25472547,4,
25482548,5,
25492549,5,
25602560,5,
25612561,3,
25632563,4,
25642564,6,
25672567,4,
25682568,5,
25692569,4,
25702570,5,
25712571,3,
25732573,4,
25742574,5,
25762576,5,
25782578,5,
25792579,6,
25802580,5,
25812581,5,
25832583,5,
25842584,5,
25862586,5,
25872587,5,
25892589,5,
25902590,5,
25912591,5,
25932593,5,
25942594,5,
25962596,5,
25972597,5,
25982598,5,
26012601,4,
26032603,4,
26042604,5,
26052605,5,
26072607,5,
26082608,5,
26092609,5,
26102610,4,
26132613,4,
26142614,3,
26152615,4,
26172617,5,
26182618,5,
26192619,5,
26302630,4,
26312631,3,
26342634,4,
26352635,5,
26372637,5,
26382638,5,
26392639,5,
26402640,4,
26412641,4,
26432643,3,
26452645,4,
26472647,5,
26482648,6,
26492649,6,
26502650,5,
26512651,4,
26532653,4,
26542654,5,
26572657,5,
26582658,5,
26592659,5,
26702670,5,
26712671,5,
26732673,5,
26742674,5,
26752675,5,
26782678,6,
26792679,5,
26802680,6,
26812681,5,
26832683,5,
26842684,4,
26852685,5,
26872687,5,
26892689,5,
26902690,5,
26912691,5,
26932693,5,
26942694,5,
26952695,5,
26972697,5,
26982698,5,
27012701,5,
27032703,4,
27042704,4,
27052705,6,
27062706,5,
27082708,4,
27092709,4,
27102710,5,
27132713,5,
27142714,5,
27152715,4,
27162716,4,
27182718,5,
27192719,5,
27302730,5,
27312731,5,
27342734,5,
27352735,4,
27362736,4,
27382738,5,
27392739,5,
27402740,4,
27412741,5,
27432743,5,
27452745,5,
27462746,4,
27482748,5,
27492749,5,
27502750,5,
27512751,3,
27532753,5,
27542754,4,
27562756,5,
27582758,5,
27592759,5,
27602760,5,
27612761,5,
27632763,5,
27642764,5,
27652765,5,
27682768,5,
27692769,5,
27802780,5,
27812781,4,
27832783,5,
27842784,4,
27852785,5,
27862786,5,
27892789,5,
27902790,6,
27912791,5,
27932793,5,
27942794,4,
27952795,6,
27962796,5,
27982798,4,
28012801,5,
28032803,4,
28042804,4,
28052805,5,
28062806,5,
28072807,4,
28092809,5,
28102810,5,
28132813,6,
28142814,6,
28152815,5,
28162816,5,
28172817,5,
28192819,6,
28302830,5,
28312831,6,
28342834,6,
28352835,5,
28362836,5,
28372837,5,
28392839,5,
28402840,5,
28412841,6,
28432843,6,
28452845,6,
28462846,5,
28472847,5,
28492849,5,
28502850,4,
28512851,5,
28532853,5,
28542854,4,
28562856,4,
28572857,5,
28592859,5,
28602860,4,
28612861,5,
28632863,5,
28642864,5,
28652865,5,
28672867,4,
28692869,4,
28702870,4,
28712871,5,
28732873,5,
28742874,4,
28752875,5,
28762876,5,
28792879,5,
28902890,5,
28912891,5,
28932893,5,
28942894,4,
28952895,6,
28962896,5,
28972897,5,
29012901,6,
29032903,5,
29042904,4,
29052905,5,
29062906,4,
29072907,5,
29082908,4,
29102910,6,
29132913,6,
29142914,6,
29152915,5,
29162916,5,
29172917,5,
29182918,5,
29302930,5,
29312931,6,
29342934,6,
29352935,5,
29362936,5,
29372937,5,
29382938,5,
29402940,5,
29412941,6,
29432943,6,
29452945,6,
29462946,5,
29472947,5,
29482948,5,
29502950,5,
29512951,5,
29532953,5,
29542954,4,
29562956,5,
29572957,5,
29582958,5,
29602960,4,
29612961,5,
29632963,5,
29642964,5,
29652965,4,
29672967,5,
29682968,4,
29702970,5,
29712971,5,
29732973,5,
29742974,4,
29752975,5,
29762976,5,
29782978,5,
29802980,4,
29812981,6,
29832983,5,
29842984,4,
29852985,5,
29862986,5,
29872987,4,
30123012,4,
30143014,5,
30153015,5,
30163016,4,
30173017,4,
30183018,4,
30193019,4,
30213021,4,
30243024,4,
30253025,5,
30263026,4,
30273027,4,
30283028,5,
30293029,5,
30413041,4,
30423042,4,
30453045,5,
30463046,4,
30473047,3,
30483048,4,
30493049,4,
30513051,5,
30523052,5,
30543054,4,
30563056,5,
30573057,5,
30583058,4,
30593059,5,
30613061,5,
30623062,5,
30643064,5,
30653065,5,
30673067,5,
30683068,5,
30693069,5,
30713071,4,
30723072,4,
30743074,3,
30753075,5,
30763076,5,
30783078,4,
30793079,4,
30813081,5,
30823082,4,
30843084,4,
30853085,6,
30863086,6,
30873087,5,
30893089,4,
30913091,5,
30923092,5,
30943094,4,
30953095,5,
30963096,5,
30973097,5,
30983098,4,
31023102,4,
31043104,5,
31053105,5,
31063106,4,
31073107,4,
31083108,4,
31093109,5,
31203120,4,
31243124,4,
31253125,3,
31263126,3,
31273127,5,
31283128,6,
31293129,6,
31403140,4,
31423142,4,
31453145,5,
31463146,4,
31473147,5,
31483148,6,
31493149,6,
31503150,5,
31523152,3,
31543154,4,
31563156,5,
31573157,4,
31583158,5,
31593159,5,
31603160,4,
31623162,3,
31643164,4,
31653165,5,
31673167,5,
31683168,5,
31693169,5,
31703170,4,
31723172,5,
31743174,4,
31753175,4,
31763176,5,
31783178,5,
31793179,5,
31803180,5,
31823182,6,
31843184,6,
31853185,4,
31863186,5,
31873187,5,
31893189,4,
31903190,5,
31923192,6,
31943194,6,
31953195,5,
31963196,5,
31973197,5,
31983198,5,
32013201,4,
32043204,3,
32053205,3,
32063206,4,
32073207,4,
32083208,5,
32093209,5,
32103210,4,
32143214,4,
32153215,3,
32163216,4,
32173217,5,
32183218,6,
32193219,6,
32403240,5,
32413241,5,
32453245,4,
32463246,4,
32473247,4,
32483248,6,
32493249,6,
32503250,4,
32513251,4,
32543254,3,
32563256,3,
32573257,4,
32583258,5,
32593259,5,
32603260,4,
32613261,4,
32643264,4,
32653265,4,
32673267,4,
32683268,5,
32693269,5,
32703270,5,
32713271,5,
32743274,5,
32753275,4,
32763276,4,
32783278,4,
32793279,4,
32803280,5,
32813281,6,
32843284,6,
32853285,5,
32863286,5,
32873287,5,
32893289,5,
32903290,5,
32913291,6,
32943294,6,
32953295,5,
32963296,5,
32973297,5,
32983298,5,
34013401,4,
34023402,4,
34053405,5,
34063406,5,
34073407,5,
34083408,6,
34093409,5,
34103410,4,
34123412,3,
34153415,3,
34163416,4,
34173417,5,
34183418,6,
34193419,6,
34203420,4,
34213421,4,
34253425,5,
34263426,5,
34273427,5,
34283428,6,
34293429,6,
34503450,5,
34513451,4,
34523452,4,
34563456,4,
34573457,5,
34583458,5,
34593459,5,
34603460,5,
34613461,3,
34623462,4,
34653465,5,
34673467,5,
34683468,6,
34693469,5,
34703470,5,
34713471,5,
34723472,5,
34753475,5,
34763476,5,
34783478,5,
34793479,5,
34803480,5,
34813481,6,
34823482,6,
34853485,5,
34863486,5,
34873487,5,
34893489,5,
34903490,5,
34913491,6,
34923492,6,
34953495,6,
34963496,5,
34973497,5,
34983498,6,
35013501,5,
35023502,4,
35043504,4,
35063506,5,
35073507,5,
35083508,5,
35093509,5,
35103510,5,
35123512,4,
35143514,4,
35163516,5,
35173517,5,
35183518,5,
35193519,5,
35203520,4,
35213521,4,
35243524,4,
35263526,4,
35273527,5,
35283528,5,
35293529,5,
35403540,4,
35413541,4,
35423542,4,
35463546,5,
35473547,4,
35483548,5,
35493549,5,
35603560,5,
35613561,5,
35623562,3,
35643564,4,
35673567,5,
35683568,5,
35693569,5,
35703570,5,
35713571,5,
35723572,5,
35743574,5,
35763576,4,
35783578,4,
35793579,5,
35803580,5,
35813581,5,
35823582,5,
35843584,5,
35863586,5,
35873587,5,
35893589,5,
35903590,5,
35913591,5,
35923592,5,
35943594,5,
35963596,5,
35973597,5,
35983598,5,
36013601,4,
36023602,5,
36043604,5,
36053605,5,
36073607,4,
36083608,5,
36093609,5,
36103610,5,
36123612,4,
36143614,4,
36153615,5,
36173617,5,
36183618,6,
36193619,5,
36203620,5,
36213621,4,
36243624,4,
36253625,4,
36273627,5,
36283628,5,
36293629,5,
36403640,4,
36413641,3,
36423642,4,
36453645,4,
36473647,5,
36483648,5,
36493649,5,
36503650,5,
36513651,5,
36523652,5,
36543654,4,
36573657,5,
36583658,5,
36593659,5,
36703670,5,
36713671,5,
36723672,6,
36743674,4,
36753675,4,
36783678,4,
36793679,5,
36803680,5,
36813681,5,
36823682,4,
36843684,5,
36853685,4,
36873687,4,
36893689,5,
36903690,5,
36913691,5,
36923692,5,
36943694,5,
36953695,5,
36973697,5,
36983698,5,
37013701,4,
37023702,4,
37043704,3,
37053705,6,
37063706,6,
37083708,3,
37093709,6,
37103710,4,
37123712,5,
37143714,4,
37153715,5,
37163716,5,
37183718,4,
37193719,4,
37203720,5,
37213721,5,
37243724,5,
37253725,6,
37263726,5,
37283728,4,
37293729,4,
37403740,4,
37413741,5,
37423742,5,
37453745,5,
37463746,4,
37483748,4,
37493749,4,
37503750,4,
37513751,4,
37523752,6,
37543754,5,
37563756,6,
37583758,4,
37593759,4,
37603760,5,
37613761,5,
37623762,6,
37643764,4,
37653765,4,
37683768,5,
37693769,6,
37803780,5,
37813781,5,
37823782,3,
37843784,4,
37853785,5,
37863786,6,
37893789,5,
37903790,5,
37913791,5,
37923792,4,
37943794,4,
37953795,6,
37963796,5,
37983798,6,
38013801,5,
38023802,4,
38043804,4,
38053805,4,
38063806,5,
38073807,4,
38093809,5,
38103810,5,
38123812,6,
38143814,6,
38153815,5,
38163816,5,
38173817,4,
38193819,4,
38203820,4,
38213821,6,
38243824,6,
38253825,4,
38263826,5,
38273827,4,
38293829,5,
38403840,4,
38413841,6,
38423842,6,
38453845,5,
38463846,5,
38473847,4,
38493849,5,
38503850,5,
38513851,5,
38523852,5,
38543854,5,
38563856,6,
38573857,5,
38593859,5,
38603860,5,
38613861,6,
38623862,5,
38643864,5,
38653865,5,
38673867,4,
38693869,3,
38703870,4,
38713871,5,
38723872,4,
38743874,4,
38753875,4,
38763876,5,
38793879,4,
38903890,5,
38913891,5,
38923892,4,
38943894,5,
38953895,5,
38963896,5,
38973897,4,
39013901,5,
39023902,5,
39043904,4,
39053905,5,
39063906,5,
39073907,5,
39083908,4,
39103910,4,
39123912,6,
39143914,6,
39153915,5,
39163916,5,
39173917,5,
39183918,5,
39203920,5,
39213921,6,
39243924,6,
39253925,5,
39263926,5,
39273927,5,
39283928,5,
39403940,4,
39413941,6,
39423942,6,
39453945,5,
39463946,5,
39473947,4,
39483948,5,
39503950,5,
39513951,5,
39523952,5,
39543954,5,
39563956,6,
39573957,5,
39583958,5,
39603960,5,
39613961,5,
39623962,5,
39643964,5,
39653965,5,
39673967,5,
39683968,4,
39703970,4,
39713971,5,
39723972,4,
39743974,4,
39753975,5,
39763976,5,
39783978,4,
39803980,5,
39813981,5,
39823982,4,
39843984,5,
39853985,5,
39863986,5,
39873987,5,
40124012,4,
40134013,5,
40154015,5,
40164016,4,
40174017,4,
40184018,5,
40194019,4,
40214021,4,
40234023,4,
40254025,5,
40264026,4,
40274027,5,
40284028,4,
40294029,5,
40314031,4,
40324032,5,
40354035,4,
40364036,4,
40374037,3,
40384038,5,
40394039,5,
40514051,4,
40524052,5,
40534053,5,
40564056,6,
40574057,5,
40584058,5,
40594059,5,
40614061,5,
40624062,4,
40634063,5,
40654065,5,
40674067,4,
40684068,4,
40694069,4,
40714071,5,
40724072,4,
40734073,5,
40754075,5,
40764076,5,
40784078,5,
40794079,5,
40814081,5,
40824082,5,
40834083,5,
40854085,5,
40864086,5,
40874087,4,
40894089,4,
40914091,5,
40924092,5,
40934093,5,
40954095,6,
40964096,6,
40974097,5,
40984098,4,
41024102,4,
41034103,4,
41054105,4,
41064106,5,
41074107,5,
41084108,5,
41094109,6,
41204120,4,
41234123,3,
41254125,4,
41264126,5,
41274127,5,
41284128,6,
41294129,6,
41304130,5,
41324132,5,
41354135,4,
41364136,4,
41374137,4,
41384138,6,
41394139,6,
41504150,4,
41524152,4,
41534153,4,
41564156,5,
41574157,3,
41584158,5,
41594159,5,
41604160,5,
41624162,4,
41634163,4,
41654165,5,
41674167,5,
41684168,5,
41694169,5,
41704170,5,
41724172,5,
41734173,5,
41754175,4,
41764176,5,
41784178,6,
41794179,5,
41804180,5,
41824182,6,
41834183,6,
41854185,5,
41864186,5,
41874187,5,
41894189,4,
41904190,5,
41924192,6,
41934193,6,
41954195,5,
41964196,5,
41974197,5,
41984198,5,
42014201,4,
42034203,4,
42054205,5,
42064206,4,
42074207,4,
42084208,5,
42094209,5,
42104210,4,
42134213,4,
42154215,4,
42164216,4,
42174217,5,
42184218,6,
42194219,6,
42304230,3,
42314231,3,
42354235,3,
42364236,4,
42374237,5,
42384238,6,
42394239,6,
42504250,4,
42514251,4,
42534253,4,
42564256,4,
42574257,4,
42584258,4,
42594259,4,
42604260,5,
42614261,3,
42634263,4,
42654265,6,
42674267,5,
42684268,4,
42694269,5,
42704270,3,
42714271,5,
42734273,5,
42754275,5,
42764276,4,
42784278,4,
42794279,4,
42804280,4,
42814281,6,
42834283,6,
42854285,5,
42864286,5,
42874287,5,
42894289,4,
42904290,5,
42914291,6,
42934293,6,
42954295,5,
42964296,5,
42974297,4,
42984298,5,
43014301,4,
43024302,4,
43054305,5,
43064306,5,
43074307,5,
43084308,6,
43094309,6,
43104310,4,
43124312,4,
43154315,5,
43164316,4,
43174317,5,
43184318,6,
43194319,6,
43204320,4,
43214321,3,
43254325,4,
43264326,4,
43274327,5,
43284328,6,
43294329,6,
43504350,5,
43514351,4,
43524352,4,
43564356,4,
43574357,5,
43584358,4,
43594359,5,
43604360,5,
43614361,4,
43624362,4,
43654365,5,
43674367,5,
43684368,5,
43694369,6,
43704370,5,
43714371,5,
43724372,5,
43754375,5,
43764376,5,
43784378,5,
43794379,5,
43804380,5,
43814381,6,
43824382,6,
43854385,5,
43864386,5,
43874387,5,
43894389,6,
43904390,5,
43914391,6,
43924392,6,
43954395,5,
43964396,5,
43974397,5,
43984398,6,
45014501,5,
45024502,4,
45034503,5,
45064506,5,
45074507,5,
45084508,5,
45094509,5,
45104510,5,
45124512,5,
45134513,5,
45164516,4,
45174517,4,
45184518,5,
45194519,5,
45204520,5,
45214521,4,
45234523,4,
45264526,4,
45274527,5,
45284528,6,
45294529,6,
45304530,4,
45314531,4,
45324532,4,
45364536,4,
45374537,4,
45384538,5,
45394539,5,
45604560,5,
45614561,4,
45624562,4,
45634563,4,
45674567,5,
45684568,5,
45694569,5,
45704570,5,
45714571,5,
45724572,5,
45734573,5,
45764576,5,
45784578,5,
45794579,5,
45804580,5,
45814581,5,
45824582,6,
45834583,5,
45864586,5,
45874587,5,
45894589,6,
45904590,6,
45914591,5,
45924592,6,
45934593,5,
45964596,5,
45974597,4,
45984598,5,
46014601,5,
46024602,4,
46034603,5,
46054605,4,
46074607,5,
46084608,5,
46094609,5,
46104610,5,
46124612,4,
46134613,5,
46154615,5,
46174617,5,
46184618,5,
46194619,5,
46204620,4,
46214621,5,
46234623,5,
46254625,3,
46274627,3,
46284628,5,
46294629,5,
46304630,4,
46314631,4,
46324632,5,
46354635,5,
46374637,5,
46384638,5,
46394639,5,
46504650,6,
46514651,4,
46524652,4,
46534653,4,
46574657,5,
46584658,5,
46594659,5,
46704670,5,
46714671,5,
46724672,4,
46734673,5,
46754675,5,
46784678,5,
46794679,5,
46804680,5,
46814681,5,
46824682,5,
46834683,5,
46854685,5,
46874687,5,
46894689,5,
46904690,6,
46914691,5,
46924692,5,
46934693,6,
46954695,5,
46974697,5,
46984698,5,
47014701,5,
47024702,4,
47034703,5,
47054705,6,
47064706,5,
47084708,4,
47094709,4,
47104710,5,
47124712,5,
47134713,4,
47154715,4,
47164716,5,
47184718,5,
47194719,5,
47204720,4,
47214721,5,
47234723,5,
47254725,4,
47264726,5,
47284728,5,
47294729,5,
47304730,4,
47314731,5,
47324732,4,
47354735,4,
47364736,4,
47384738,5,
47394739,5,
47504750,5,
47514751,4,
47524752,4,
47534753,4,
47564756,6,
47584758,5,
47594759,5,
47604760,5,
47614761,5,
47624762,3,
47634763,6,
47654765,5,
47684768,5,
47694769,5,
47804780,6,
47814781,5,
47824782,5,
47834783,4,
47854785,5,
47864786,6,
47894789,5,
47904790,6,
47914791,5,
47924792,5,
47934793,5,
47954795,6,
47964796,5,
47984798,6,
48014801,5,
48024802,4,
48034803,6,
48054805,5,
48064806,5,
48074807,4,
48094809,5,
48104810,5,
48124812,6,
48134813,6,
48154815,4,
48164816,5,
48174817,5,
48194819,6,
48204820,5,
48214821,6,
48234823,6,
48254825,6,
48264826,6,
48274827,5,
48294829,5,
48304830,5,
48314831,6,
48324832,6,
48354835,5,
48364836,5,
48374837,4,
48394839,5,
48504850,4,
48514851,5,
48524852,4,
48534853,4,
48564856,4,
48574857,5,
48594859,6,
48604860,5,
48614861,5,
48624862,5,
48634863,5,
48654865,5,
48674867,4,
48694869,4,
48704870,5,
48714871,5,
48724872,5,
48734873,5,
48754875,5,
48764876,5,
48794879,5,
48904890,4,
48914891,5,
48924892,5,
48934893,6,
48954895,6,
48964896,5,
48974897,5,
49014901,5,
49024902,5,
49034903,6,
49054905,5,
49064906,5,
49074907,5,
49084908,5,
49104910,6,
49124912,6,
49134913,6,
49154915,5,
49164916,5,
49174917,5,
49184918,6,
49204920,5,
49214921,6,
49234923,6,
49254925,6,
49264926,6,
49274927,5,
49284928,5,
49304930,4,
49314931,6,
49324932,6,
49354935,5,
49364936,5,
49374937,5,
49384938,6,
49504950,5,
49514951,5,
49524952,5,
49534953,5,
49564956,5,
49574957,5,
49584958,4,
49604960,4,
49614961,5,
49624962,5,
49634963,6,
49654965,5,
49674967,5,
49684968,4,
49704970,5,
49714971,5,
49724972,5,
49734973,5,
49754975,5,
49764976,5,
49784978,6,
49804980,4,
49814981,5,
49824982,5,
49834983,5,
49854985,6,
49864986,6,
49874987,4,
50125012,4,
50135013,6,
50145014,5,
50165016,5,
50175017,4,
50185018,4,
50195019,4,
50215021,4,
50235023,5,
50245024,5,
50265026,5,
50275027,5,
50285028,5,
50295029,4,
50315031,4,
50325032,4,
50345034,4,
50365036,4,
50375037,4,
50385038,5,
50395039,5,
50415041,6,
50425042,5,
50435043,5,
50465046,5,
50475047,5,
50485048,5,
50495049,4,
50615061,4,
50625062,5,
50635063,5,
50645064,5,
50675067,2,
50685068,3,
50695069,3,
50715071,5,
50725072,5,
50735073,5,
50745074,5,
50765076,4,
50785078,4,
50795079,4,
50815081,4,
50825082,5,
50835083,5,
50845084,5,
50865086,4,
50875087,4,
50895089,3,
50915091,5,
50925092,4,
50935093,5,
50945094,5,
50965096,4,
50975097,4,
50985098,3,
51025102,6,
51035103,5,
51045104,4,
51065106,5,
51075107,4,
51085108,5,
51095109,5,
51205120,5,
51235123,4,
51245124,4,
51265126,4,
51275127,4,
51285128,5,
51295129,6,
51305130,5,
51325132,4,
51345134,3,
51365136,3,
51375137,4,
51385138,4,
51395139,5,
51405140,5,
51425142,4,
51435143,4,
51465146,3,
51475147,5,
51485148,5,
51495149,5,
51605160,4,
51625162,4,
51635163,5,
51645164,4,
51675167,2,
51685168,3,
51695169,4,
51705170,4,
51725172,5,
51735173,5,
51745174,4,
51765176,4,
51785178,4,
51795179,4,
51805180,5,
51825182,5,
51835183,5,
51845184,5,
51865186,4,
51875187,4,
51895189,4,
51905190,5,
51925192,5,
51935193,5,
51945194,5,
51965196,5,
51975197,4,
51985198,5,
52015201,5,
52035203,3,
52045204,4,
52065206,4,
52075207,4,
52085208,4,
52095209,4,
52105210,5,
52135213,3,
52145214,3,
52165216,4,
52175217,5,
52185218,5,
52195219,5,
52305230,3,
52315231,4,
52345234,4,
52365236,2,
52375237,4,
52385238,5,
52395239,5,
52405240,5,
52415241,4,
52435243,4,
52465246,5,
52475247,5,
52485248,5,
52495249,5,
52605260,5,
52615261,5,
52635263,4,
52645264,4,
52675267,4,
52685268,5,
52695269,5,
52705270,4,
52715271,5,
52735273,4,
52745274,4,
52765276,3,
52785278,3,
52795279,4,
52805280,4,
52815281,5,
52835283,5,
52845284,5,
52865286,4,
52875287,4,
52895289,4,
52905290,5,
52915291,5,
52935293,5,
52945294,5,
52965296,5,
52975297,4,
52985298,4,
53015301,5,
53025302,5,
53045304,4,
53065306,5,
53075307,4,
53085308,5,
53095309,5,
53105310,6,
53125312,4,
53145314,4,
53165316,5,
53175317,5,
53185318,4,
53195319,5,
53205320,5,
53215321,4,
53245324,3,
53265326,4,
53275327,5,
53285328,4,
53295329,5,
53405340,5,
53415341,4,
53425342,5,
53465346,4,
53475347,5,
53485348,5,
53495349,5,
53605360,4,
53615361,5,
53625362,5,
53645364,4,
53675367,5,
53685368,4,
53695369,4,
53705370,5,
53715371,5,
53725372,5,
53745374,5,
53765376,5,
53785378,5,
53795379,5,
53805380,5,
53815381,5,
53825382,5,
53845384,5,
53865386,4,
53875387,3,
53895389,5,
53905390,5,
53915391,6,
53925392,6,
53945394,5,
53965396,5,
53975397,4,
53985398,4,
54015401,4,
54025402,5,
54035403,6,
54065406,5,
54075407,5,
54085408,4,
54095409,4,
54105410,4,
54125412,5,
54135413,4,
54165416,5,
54175417,4,
54185418,5,
54195419,5,
54205420,5,
54215421,4,
54235423,4,
54265426,4,
54275427,4,
54285428,4,
54295429,5,
54305430,4,
54315431,4,
54325432,4,
54365436,4,
54375437,4,
54385438,5,
54395439,5,
54605460,4,
54615461,4,
54625462,4,
54635463,5,
54675467,5,
54685468,5,
54695469,5,
54705470,5,
54715471,4,
54725472,5,
54735473,5,
54765476,5,
54785478,4,
54795479,5,
54805480,5,
54815481,5,
54825482,6,
54835483,5,
54865486,5,
54875487,4,
54895489,5,
54905490,5,
54915491,5,
54925492,6,
54935493,6,
54965496,5,
54975497,5,
54985498,5,
56015601,5,
56025602,5,
56035603,5,
56045604,4,
56075607,3,
56085608,3,
56095609,4,
56105610,4,
56125612,5,
56135613,5,
56145614,5,
56175617,3,
56185618,4,
56195619,4,
56205620,5,
56215621,4,
56235623,4,
56245624,5,
56275627,4,
56285628,5,
56295629,5,
56305630,4,
56315631,3,
56325632,4,
56345634,4,
56375637,4,
56385638,4,
56395639,4,
56405640,5,
56415641,5,
56425642,3,
56435643,5,
56475647,4,
56485648,5,
56495649,5,
56705670,3,
56715671,3,
56725672,4,
56735673,4,
56745674,3,
56785678,5,
56795679,4,
56805680,4,
56815681,4,
56825682,5,
56835683,4,
56845684,5,
56875687,3,
56895689,3,
56905690,4,
56915691,5,
56925692,5,
56935693,5,
56945694,5,
56975697,3,
56985698,4,
57015701,5,
57025702,5,
57035703,5,
57045704,4,
57065706,4,
57085708,4,
57095709,4,
57105710,5,
57125712,5,
57135713,4,
57145714,5,
57165716,4,
57185718,5,
57195719,5,
57205720,5,
57215721,5,
57235723,6,
57245724,5,
57265726,4,
57285728,5,
57295729,5,
57305730,5,
57315731,4,
57325732,4,
57345734,3,
57365736,4,
57385738,4,
57395739,4,
57405740,5,
57415741,4,
57425742,5,
57435743,6,
57465746,4,
57485748,4,
57495749,5,
57605760,4,
57615761,4,
57625762,5,
57635763,5,
57645764,4,
57685768,4,
57695769,4,
57805780,5,
57815781,4,
57825782,5,
57835783,5,
57845784,4,
57865786,4,
57895789,3,
57905790,4,
57915791,5,
57925792,5,
57935793,6,
57945794,4,
57965796,4,
57985798,4,
58015801,4,
58025802,4,
58035803,5,
58045804,5,
58065806,3,
58075807,4,
58095809,4,
58105810,4,
58125812,5,
58135813,5,
58145814,5,
58165816,4,
58175817,4,
58195819,5,
58205820,4,
58215821,5,
58235823,6,
58245824,5,
58265826,5,
58275827,5,
58295829,5,
58305830,5,
58315831,5,
58325832,5,
58345834,5,
58365836,5,
58375837,5,
58395839,5,
58405840,4,
58415841,5,
58425842,6,
58435843,5,
58465846,5,
58475847,5,
58495849,4,
58605860,4,
58615861,3,
58625862,5,
58635863,4,
58645864,4,
58675867,5,
58695869,4,
58705870,4,
58715871,5,
58725872,5,
58735873,5,
58745874,4,
58765876,4,
58795879,4,
58905890,4,
58915891,5,
58925892,5,
58935893,5,
58945894,4,
58965896,4,
58975897,4,
59015901,6,
59025902,5,
59035903,5,
59045904,4,
59065906,4,
59075907,3,
59085908,4,
59105910,5,
59125912,5,
59135913,5,
59145914,5,
59165916,5,
59175917,4,
59185918,5,
59205920,5,
59215921,5,
59235923,5,
59245924,5,
59265926,5,
59275927,5,
59285928,5,
59305930,5,
59315931,5,
59325932,5,
59345934,5,
59365936,4,
59375937,5,
59385938,4,
59405940,5,
59415941,5,
59425942,6,
59435943,5,
59465946,5,
59475947,5,
59485948,5,
59605960,4,
59615961,4,
59625962,4,
59635963,5,
59645964,5,
59675967,5,
59685968,4,
59705970,4,
59715971,5,
59725972,5,
59735973,6,
59745974,4,
59765976,4,
59785978,4,
59805980,4,
59815981,5,
59825982,5,
59835983,4,
59845984,4,
59865986,4,
59875987,4,
60126012,5,
60136013,6,
60146014,4,
60156015,4,
60176017,5,
60186018,6,
60196019,5,
60216021,5,
60236023,5,
60246024,5,
60256025,5,
60276027,5,
60286028,5,
60296029,5,
60316031,4,
60326032,4,
60346034,4,
60356035,5,
60376037,4,
60386038,4,
60396039,4,
60416041,4,
60426042,4,
60436043,4,
60456045,4,
60476047,4,
60486048,5,
60496049,6,
60516051,4,
60526052,5,
60536053,5,
60546054,5,
60576057,4,
60586058,4,
60596059,4,
60716071,5,
60726072,5,
60736073,5,
60746074,5,
60756075,5,
60786078,5,
60796079,5,
60816081,5,
60826082,6,
60836083,5,
60846084,5,
60856085,4,
60876087,4,
60896089,4,
60916091,5,
60926092,5,
60936093,5,
60946094,5,
60956095,4,
60976097,4,
60986098,5,
61026102,5,
61036103,5,
61046104,5,
61056105,4,
61076107,4,
61086108,4,
61096109,5,
61206120,5,
61236123,4,
61246124,3,
61256125,5,
61276127,4,
61286128,5,
61296129,6,
61306130,4,
61326132,4,
61346134,3,
61356135,3,
61376137,3,
61386138,5,
61396139,5,
61406140,5,
61426142,4,
61436143,3,
61456145,5,
61476147,5,
61486148,5,
61496149,5,
61506150,4,
61526152,4,
61536153,5,
61546154,4,
61576157,4,
61586158,3,
61596159,4,
61706170,4,
61726172,5,
61736173,6,
61746174,4,
61756175,5,
61786178,4,
61796179,4,
61806180,4,
61826182,5,
61836183,6,
61846184,5,
61856185,3,
61876187,4,
61896189,5,
61906190,5,
61926192,5,
61936193,5,
61946194,5,
61956195,4,
61976197,4,
61986198,6,
62016201,5,
62036203,5,
62046204,4,
62056205,5,
62076207,5,
62086208,5,
62096209,4,
62106210,5,
62136213,4,
62146214,4,
62156215,4,
62176217,5,
62186218,5,
62196219,5,
62306230,3,
62316231,3,
62346234,4,
62356235,2,
62376237,4,
62386238,5,
62396239,5,
62406240,5,
62416241,4,
62436243,5,
62456245,5,
62476247,5,
62486248,5,
62496249,5,
62506250,5,
62516251,4,
62536253,4,
62546254,3,
62576257,5,
62586258,4,
62596259,5,
62706270,4,
62716271,5,
62736273,4,
62746274,5,
62756275,4,
62786278,4,
62796279,4,
62806280,5,
62816281,5,
62836283,5,
62846284,5,
62856285,5,
62876287,5,
62896289,5,
62906290,4,
62916291,5,
62936293,5,
62946294,5,
62956295,5,
62976297,4,
62986298,5,
63016301,5,
63026302,5,
63046304,4,
63056305,5,
63076307,4,
63086308,5,
63096309,5,
63106310,6,
63126312,4,
63146314,4,
63156315,5,
63176317,5,
63186318,5,
63196319,5,
63206320,5,
63216321,4,
63246324,3,
63256325,5,
63276327,5,
63286328,5,
63296329,5,
63406340,4,
63416341,4,
63426342,3,
63456345,5,
63476347,6,
63486348,5,
63496349,5,
63506350,5,
63516351,5,
63526352,4,
63546354,4,
63576357,4,
63586358,4,
63596359,5,
63706370,4,
63716371,5,
63726372,5,
63746374,5,
63756375,5,
63786378,5,
63796379,4,
63806380,5,
63816381,6,
63826382,5,
63846384,5,
63856385,5,
63876387,5,
63896389,5,
63906390,5,
63916391,5,
63926392,5,
63946394,5,
63956395,4,
63976397,5,
63986398,5,
64016401,6,
64026402,4,
64036403,5,
64056405,4,
64076407,5,
64086408,5,
64096409,6,
64106410,5,
64126412,4,
64136413,5,
64156415,5,
64176417,5,
64186418,5,
64196419,6,
64206420,4,
64216421,5,
64236423,5,
64256425,4,
64276427,4,
64286428,5,
64296429,5,
64306430,5,
64316431,4,
64326432,4,
64356435,4,
64376437,5,
64386438,5,
64396439,5,
64506450,6,
64516451,4,
64526452,4,
64536453,5,
64576457,4,
64586458,5,
64596459,6,
64706470,4,
64716471,5,
64726472,4,
64736473,5,
64756475,5,
64786478,5,
64796479,5,
64806480,5,
64816481,5,
64826482,5,
64836483,6,
64856485,5,
64876487,5,
64896489,6,
64906490,6,
64916491,5,
64926492,5,
64936493,5,
64956495,5,
64976497,5,
64986498,5,
65016501,4,
65026502,6,
65036503,6,
65046504,5,
65076507,4,
65086508,4,
65096509,4,
65106510,5,
65126512,4,
65136513,5,
65146514,4,
65176517,4,
65186518,4,
65196519,4,
65206520,5,
65216521,4,
65236523,4,
65246524,5,
65276527,5,
65286528,5,
65296529,5,
65306530,5,
65316531,3,
65326532,4,
65346534,3,
65376537,4,
65386538,5,
65396539,5,
65406540,5,
65416541,3,
65426542,3,
65436543,4,
65476547,5,
65486548,5,
65496549,6,
65706570,4,
65716571,4,
65726572,5,
65736573,5,
65746574,5,
65786578,4,
65796579,4,
65806580,3,
65816581,4,
65826582,5,
65836583,5,
65846584,4,
65876587,5,
65896589,5,
65906590,4,
65916591,4,
65926592,5,
65936593,5,
65946594,5,
65976597,5,
65986598,4,
67016701,4,
67026702,6,
67036703,5,
67046704,4,
67056705,3,
67086708,4,
67096709,4,
67106710,4,
67126712,5,
67136713,5,
67146714,5,
67156715,3,
67186718,3,
67196719,4,
67206720,5,
67216721,6,
67236723,5,
67246724,5,
67256725,5,
67286728,5,
67296729,5,
67306730,5,
67316731,3,
67326732,6,
67346734,4,
67356735,4,
67386738,5,
67396739,5,
67406740,6,
67416741,5,
67426742,5,
67436743,5,
67456745,5,
67486748,5,
67496749,5,
67506750,4,
67516751,4,
67526752,5,
67536753,5,
67546754,3,
67586758,4,
67596759,4,
67806780,4,
67816781,4,
67826782,6,
67836783,5,
67846784,4,
67856785,5,
67896789,5,
67906790,5,
67916791,4,
67926792,5,
67936793,5,
67946794,4,
67956795,4,
67986798,4,
68016801,6,
68026802,5,
68036803,5,
68046804,5,
68056805,4,
68076807,4,
68096809,4,
68106810,5,
68126812,6,
68136813,5,
68146814,5,
68156815,5,
68176817,4,
68196819,5,
68206820,5,
68216821,5,
68236823,5,
68246824,4,
68256825,5,
68276827,5,
68296829,6,
68306830,4,
68316831,5,
68326832,5,
68346834,5,
68356835,4,
68376837,5,
68396839,5,
68406840,5,
68416841,5,
68426842,6,
68436843,5,
68456845,4,
68476847,5,
68496849,6,
68506850,4,
68516851,4,
68526852,5,
68536853,5,
68546854,5,
68576857,5,
68596859,4,
68706870,5,
68716871,4,
68726872,5,
68736873,4,
68746874,5,
68756875,4,
68796879,5,
68906890,3,
68916891,6,
68926892,5,
68936893,5,
68946894,4,
68956895,4,
68976897,4,
69016901,5,
69026902,5,
69036903,4,
69046904,5,
69056905,5,
69076907,5,
69086908,4,
69106910,5,
69126912,5,
69136913,5,
69146914,5,
69156915,4,
69176917,5,
69186918,6,
69206920,6,
69216921,5,
69236923,5,
69246924,5,
69256925,5,
69276927,5,
69286928,5,
69306930,5,
69316931,5,
69326932,5,
69346934,5,
69356935,4,
69376937,4,
69386938,4,
69406940,5,
69416941,5,
69426942,6,
69436943,5,
69456945,5,
69476947,5,
69486948,5,
69506950,4,
69516951,4,
69526952,5,
69536953,6,
69546954,5,
69576957,5,
69586958,5,
69706970,5,
69716971,5,
69726972,5,
69736973,5,
69746974,5,
69756975,4,
69786978,5,
69806980,4,
69816981,5,
69826982,5,
69836983,6,
69846984,5,
69856985,4,
69876987,5,
70127012,6,
70137013,3,
70147014,5,
70157015,5,
70167016,5,
70187018,5,
70197019,6,
70217021,5,
70237023,5,
70247024,4,
70257025,6,
70267026,5,
70287028,6,
70297029,6,
70317031,5,
70327032,4,
70347034,5,
70357035,5,
70367036,5,
70387038,5,
70397039,4,
70417041,5,
70427042,5,
70437043,4,
70457045,5,
70467046,5,
70487048,6,
70497049,6,
70517051,5,
70527052,5,
70537053,4,
70547054,5,
70567056,4,
70587058,4,
70597059,5,
70617061,5,
70627062,6,
70637063,4,
70647064,4,
70657065,3,
70687068,4,
70697069,4,
70817081,5,
70827082,4,
70837083,4,
70847084,5,
70857085,4,
70867086,4,
70897089,3,
70917091,6,
70927092,6,
70937093,5,
70947094,4,
70957095,5,
70967096,5,
70987098,4,
71027102,6,
71037103,4,
71047104,4,
71057105,4,
71067106,5,
71087108,4,
71097109,4,
71207120,5,
71237123,5,
71247124,4,
71257125,5,
71267126,5,
71287128,5,
71297129,6,
71307130,6,
71327132,5,
71347134,4,
71357135,4,
71367136,4,
71387138,4,
71397139,5,
71407140,5,
71427142,5,
71437143,5,
71457145,5,
71467146,3,
71487148,4,
71497149,4,
71507150,5,
71527152,5,
71537153,5,
71547154,5,
71567156,4,
71587158,4,
71597159,5,
71607160,5,
71627162,5,
71637163,6,
71647164,5,
71657165,3,
71687168,4,
71697169,5,
71807180,4,
71827182,5,
71837183,4,
71847184,4,
71857185,4,
71867186,5,
71897189,4,
71907190,4,
71927192,5,
71937193,4,
71947194,4,
71957195,4,
71967196,5,
71987198,4,
72017201,5,
72037203,4,
72047204,3,
72057205,4,
72067206,5,
72087208,5,
72097209,4,
72107210,5,
72137213,5,
72147214,5,
72157215,5,
72167216,5,
72187218,5,
72197219,5,
72307230,4,
72317231,4,
72347234,5,
72357235,4,
72367236,4,
72387238,5,
72397239,5,
72407240,4,
72417241,5,
72437243,4,
72457245,5,
72467246,4,
72487248,5,
72497249,5,
72507250,4,
72517251,4,
72537253,4,
72547254,5,
72567256,4,
72587258,4,
72597259,4,
72607260,5,
72617261,5,
72637263,4,
72647264,5,
72657265,5,
72687268,4,
72697269,4,
72807280,4,
72817281,5,
72837283,4,
72847284,4,
72857285,3,
72867286,5,
72897289,5,
72907290,5,
72917291,5,
72937293,4,
72947294,4,
72957295,4,
72967296,5,
72987298,5,
73017301,4,
73027302,4,
73047304,4,
73057305,5,
73067306,5,
73087308,5,
73097309,4,
73107310,4,
73127312,5,
73147314,5,
73157315,5,
73167316,4,
73187318,4,
73197319,5,
73207320,5,
73217321,5,
73247324,5,
73257325,6,
73267326,5,
73287328,4,
73297329,4,
73407340,3,
73417341,4,
73427342,4,
73457345,5,
73467346,4,
73487348,4,
73497349,4,
73507350,6,
73517351,5,
73527352,6,
73547354,4,
73567356,4,
73587358,5,
73597359,6,
73607360,5,
73617361,5,
73627362,5,
73647364,5,
73657365,4,
73687368,5,
73697369,6,
73807380,5,
73817381,5,
73827382,4,
73847384,5,
73857385,4,
73867386,5,
73897389,5,
73907390,5,
73917391,5,
73927392,5,
73947394,5,
73957395,5,
73967396,5,
73987398,5,
74017401,4,
74027402,5,
74037403,5,
74057405,6,
74067406,5,
74087408,5,
74097409,5,
74107410,5,
74127412,5,
74137413,4,
74157415,4,
74167416,5,
74187418,5,
74197419,5,
74207420,6,
74217421,5,
74237423,5,
74257425,4,
74267426,5,
74287428,5,
74297429,6,
74307430,4,
74317431,5,
74327432,5,
74357435,4,
74367436,4,
74387438,4,
74397439,5,
74507450,5,
74517451,4,
74527452,5,
74537453,4,
74567456,5,
74587458,5,
74597459,5,
74607460,5,
74617461,5,
74627462,4,
74637463,5,
74657465,5,
74687468,5,
74697469,5,
74807480,4,
74817481,6,
74827482,5,
74837483,5,
74857485,5,
74867486,6,
74897489,6,
74907490,5,
74917491,5,
74927492,5,
74937493,5,
74957495,6,
74967496,6,
74987498,6,
75017501,5,
75027502,5,
75037503,4,
75047504,5,
75067506,4,
75087508,5,
75097509,5,
75107510,5,
75127512,4,
75137513,4,
75147514,5,
75167516,4,
75187518,4,
75197519,6,
75207520,5,
75217521,4,
75237523,5,
75247524,5,
75267526,5,
75287528,6,
75297529,5,
75307530,4,
75317531,4,
75327532,4,
75347534,3,
75367536,5,
75387538,5,
75397539,5,
75407540,6,
75417541,4,
75427542,4,
75437543,4,
75467546,5,
75487548,6,
75497549,6,
75607560,5,
75617561,5,
75627562,5,
75637563,5,
75647564,3,
75687568,5,
75697569,5,
75807580,4,
75817581,4,
75827582,5,
75837583,4,
75847584,5,
75867586,5,
75897589,4,
75907590,5,
75917591,5,
75927592,5,
75937593,4,
75947594,5,
75967596,5,
75987598,4,
76017601,5,
76027602,6,
76037603,6,
76047604,4,
76057605,4,
76087608,4,
76097609,4,
76107610,5,
76127612,5,
76137613,6,
76147614,4,
76157615,4,
76187618,4,
76197619,5,
76207620,5,
76217621,6,
76237623,5,
76247624,5,
76257625,5,
76287628,6,
76297629,5,
76307630,5,
76317631,3,
76327632,5,
76347634,4,
76357635,4,
76387638,5,
76397639,5,
76407640,6,
76417641,5,
76427642,5,
76437643,6,
76457645,5,
76487648,6,
76497649,5,
76507650,3,
76517651,3,
76527652,5,
76537653,4,
76547654,3,
76587658,4,
76597659,4,
76807680,4,
76817681,4,
76827682,5,
76837683,5,
76847684,4,
76857685,5,
76897689,5,
76907690,5,
76917691,5,
76927692,6,
76937693,6,
76947694,4,
76957695,5,
76987698,5,
78017801,5,
78027802,5,
78037803,4,
78047804,4,
78057805,5,
78067806,5,
78097809,4,
78107810,6,
78127812,5,
78137813,4,
78147814,4,
78157815,5,
78167816,4,
78197819,6,
78207820,4,
78217821,5,
78237823,4,
78247824,4,
78257825,6,
78267826,5,
78297829,6,
78307830,5,
78317831,5,
78327832,4,
78347834,5,
78357835,4,
78367836,5,
78397839,5,
78407840,4,
78417841,4,
78427842,5,
78437843,4,
78457845,6,
78467846,5,
78497849,5,
78507850,5,
78517851,5,
78527852,5,
78537853,4,
78547854,4,
78567856,4,
78597859,5,
78607860,4,
78617861,5,
78627862,5,
78637863,5,
78647864,5,
78657865,4,
78697869,5,
78907890,4,
78917891,6,
78927892,5,
78937893,5,
78947894,5,
78957895,3,
78967896,5,
79017901,6,
79027902,5,
79037903,4,
79047904,5,
79057905,5,
79067906,5,
79087908,5,
79107910,6,
79127912,6,
79137913,4,
79147914,5,
79157915,5,
79167916,5,
79187918,5,
79207920,5,
79217921,5,
79237923,5,
79247924,4,
79257925,6,
79267926,6,
79287928,5,
79307930,5,
79317931,5,
79327932,4,
79347934,5,
79357935,5,
79367936,5,
79387938,4,
79407940,6,
79417941,5,
79427942,5,
79437943,5,
79457945,6,
79467946,6,
79487948,6,
79507950,5,
79517951,5,
79527952,6,
79537953,4,
79547954,5,
79567956,5,
79587958,5,
79607960,5,
79617961,5,
79627962,5,
79637963,5,
79647964,5,
79657965,4,
79687968,5,
79807980,4,
79817981,5,
79827982,5,
79837983,5,
79847984,5,
79857985,5,
79867986,5,
80128012,5,
80138013,4,
80148014,4,
80158015,5,
80168016,5,
80178017,3,
80198019,6,
80218021,5,
80238023,5,
80248024,4,
80258025,5,
80268026,5,
80278027,5,
80298029,3,
80318031,5,
80328032,5,
80348034,4,
80358035,5,
80368036,4,
80378037,4,
80398039,3,
80418041,5,
80428042,5,
80438043,5,
80458045,4,
80468046,5,
80478047,4,
80498049,3,
80518051,5,
80528052,5,
80538053,5,
80548054,4,
80568056,4,
80578057,4,
80598059,5,
80618061,4,
80628062,4,
80638063,5,
80648064,4,
80658065,4,
80678067,5,
80698069,4,
80718071,5,
80728072,4,
80738073,5,
80748074,4,
80758075,4,
80768076,5,
80798079,3,
80918091,5,
80928092,4,
80938093,5,
80948094,4,
80958095,4,
80968096,4,
80978097,4,
81028102,6,
81038103,5,
81048104,5,
81058105,4,
81068106,4,
81078107,5,
81098109,5,
81208120,5,
81238123,6,
81248124,5,
81258125,5,
81268126,5,
81278127,5,
81298129,5,
81308130,5,
81328132,6,
81348134,5,
81358135,4,
81368136,5,
81378137,5,
81398139,5,
81408140,5,
81428142,6,
81438143,6,
81458145,5,
81468146,5,
81478147,5,
81498149,5,
81508150,4,
81528152,5,
81538153,4,
81548154,5,
81568156,4,
81578157,3,
81598159,5,
81608160,4,
81628162,5,
81638163,5,
81648164,5,
81658165,4,
81678167,4,
81698169,4,
81708170,3,
81728172,5,
81738173,5,
81748174,4,
81758175,5,
81768176,4,
81798179,4,
81908190,5,
81928192,6,
81938193,5,
81948194,5,
81958195,5,
81968196,5,
81978197,5,
82018201,5,
82038203,4,
82048204,5,
82058205,4,
82068206,4,
82078207,4,
82098209,4,
82108210,5,
82138213,6,
82148214,6,
82158215,5,
82168216,5,
82178217,5,
82198219,4,
82308230,5,
82318231,5,
82348234,6,
82358235,5,
82368236,5,
82378237,5,
82398239,5,
82408240,5,
82418241,6,
82438243,5,
82458245,4,
82468246,5,
82478247,5,
82498249,5,
82508250,4,
82518251,5,
82538253,5,
82548254,5,
82568256,4,
82578257,5,
82598259,3,
82608260,3,
82618261,5,
82638263,5,
82648264,5,
82658265,4,
82678267,4,
82698269,3,
82708270,4,
82718271,5,
82738273,5,
82748274,4,
82758275,4,
82768276,4,
82798279,4,
82908290,4,
82918291,5,
82938293,5,
82948294,4,
82958295,5,
82968296,4,
82978297,4,
83018301,4,
83028302,5,
83048304,5,
83058305,5,
83068306,5,
83078307,5,
83098309,5,
83108310,5,
83128312,6,
83148314,6,
83158315,5,
83168316,5,
83178317,4,
83198319,5,
83208320,5,
83218321,6,
83248324,6,
83258325,6,
83268326,5,
83278327,4,
83298329,5,
83408340,5,
83418341,5,
83428342,5,
83458345,6,
83468346,5,
83478347,4,
83498349,5,
83508350,5,
83518351,4,
83528352,5,
83548354,5,
83568356,5,
83578357,5,
83598359,6,
83608360,5,
83618361,5,
83628362,5,
83648364,5,
83658365,5,
83678367,4,
83698369,5,
83708370,4,
83718371,4,
83728372,4,
83748374,5,
83758375,3,
83768376,4,
83798379,5,
83908390,5,
83918391,4,
83928392,5,
83948394,4,
83958395,5,
83968396,6,
83978397,4,
84018401,5,
84028402,5,
84038403,5,
84058405,5,
84068406,5,
84078407,4,
84098409,5,
84108410,5,
84128412,6,
84138413,5,
84158415,5,
84168416,5,
84178417,5,
84198419,5,
84208420,6,
84218421,6,
84238423,6,
84258425,4,
84268426,6,
84278427,5,
84298429,6,
84308430,5,
84318431,6,
84328432,6,
84358435,5,
84368436,5,
84378437,5,
84398439,6,
84508450,5,
84518451,4,
84528452,5,
84538453,5,
84568456,4,
84578457,5,
84598459,6,
84608460,5,
84618461,5,
84628462,5,
84638463,6,
84658465,5,
84678467,5,
84698469,4,
84708470,5,
84718471,5,
84728472,5,
84738473,5,
84758475,5,
84768476,5,
84798479,6,
84908490,5,
84918491,5,
84928492,5,
84938493,6,
84958495,5,
84968496,5,
84978497,5,
85018501,5,
85028502,5,
85038503,5,
85048504,4,
85068506,4,
85078507,5,
85098509,5,
85108510,5,
85128512,4,
85138513,5,
85148514,5,
85168516,4,
85178517,5,
85198519,5,
85208520,5,
85218521,4,
85238523,5,
85248524,5,
85268526,5,
85278527,4,
85298529,6,
85308530,4,
85318531,5,
85328532,5,
85348534,5,
85368536,4,
85378537,3,
85398539,4,
85408540,5,
85418541,5,
85428542,5,
85438543,5,
85468546,4,
85478547,5,
85498549,6,
85608560,4,
85618561,4,
85628562,5,
85638563,5,
85648564,4,
85678567,4,
85698569,4,
85708570,5,
85718571,5,
85728572,4,
85738573,4,
85748574,4,
85768576,5,
85798579,5,
85908590,4,
85918591,5,
85928592,6,
85938593,6,
85948594,4,
85968596,5,
85978597,5,
86018601,5,
86028602,5,
86038603,5,
86048604,4,
86058605,3,
86078607,5,
86098609,4,
86108610,5,
86128612,6,
86138613,5,
86148614,5,
86158615,4,
86178617,5,
86198619,5,
86208620,6,
86218621,6,
86238623,5,
86248624,5,
86258625,5,
86278627,5,
86298629,5,
86308630,4,
86318631,4,
86328632,5,
86348634,5,
86358635,5,
86378637,5,
86398639,4,
86408640,5,
86418641,5,
86428642,6,
86438643,5,
86458645,5,
86478647,5,
86498649,6,
86508650,4,
86518651,4,
86528652,5,
86538653,4,
86548654,4,
86578657,5,
86598659,4,
86708670,4,
86718671,4,
86728672,5,
86738673,4,
86748674,5,
86758675,5,
86798679,4,
86908690,4,
86918691,5,
86928692,5,
86938693,5,
86948694,5,
86958695,4,
86978697,5,
87018701,6,
87028702,5,
87038703,4,
87048704,4,
87058705,5,
87068706,5,
87098709,4,
87108710,6,
87128712,5,
87138713,4,
87148714,4,
87158715,5,
87168716,4,
87198719,6,
87208720,5,
87218721,5,
87238723,4,
87248724,4,
87258725,5,
87268726,5,
87298729,6,
87308730,4,
87318731,4,
87328732,5,
87348734,5,
87358735,4,
87368736,4,
87398739,4,
87408740,6,
87418741,4,
87428742,5,
87438743,4,
87458745,5,
87468746,5,
87498749,5,
87508750,4,
87518751,5,
87528752,5,
87538753,4,
87548754,4,
87568756,5,
87598759,6,
87608760,5,
87618761,5,
87628762,5,
87638763,6,
87648764,5,
87658765,5,
87698769,5,
87908790,4,
87918791,6,
87928792,5,
87938793,5,
87948794,4,
87958795,5,
87968796,5,
89018901,5,
89028902,5,
89038903,5,
89048904,4,
89058905,5,
89068906,4,
89078907,4,
89108910,5,
89128912,6,
89138913,4,
89148914,5,
89158915,4,
89168916,5,
89178917,4,
89208920,5,
89218921,5,
89238923,5,
89248924,4,
89258925,6,
89268926,6,
89278927,4,
89308930,4,
89318931,5,
89328932,5,
89348934,5,
89358935,5,
89368936,5,
89378937,5,
89408940,4,
89418941,5,
89428942,5,
89438943,5,
89458945,6,
89468946,6,
89478947,5,
89508950,5,
89518951,6,
89528952,6,
89538953,6,
89548954,4,
89568956,5,
89578957,5,
89608960,5,
89618961,5,
89628962,4,
89638963,4,
89648964,5,
89658965,4,
89678967,4,
89708970,5,
89718971,5,
89728972,5,
89738973,5,
89748974,5,
89758975,5,
89768976,5,
90129012,5,
90139013,4,
90149014,4,
90159015,5,
90169016,5,
90179017,4,
90189018,5,
90219021,5,
90239023,5,
90249024,4,
90259025,5,
90269026,6,
90279027,5,
90289028,4,
90319031,5,
90329032,5,
90349034,4,
90359035,5,
90369036,5,
90379037,4,
90389038,4,
90419041,5,
90429042,5,
90439043,5,
90459045,5,
90469046,6,
90479047,5,
90489048,5,
90519051,6,
90529052,5,
90539053,5,
90549054,5,
90569056,4,
90579057,4,
90589058,4,
90619061,5,
90629062,4,
90639063,5,
90649064,5,
90659065,4,
90679067,5,
90689068,4,
90719071,5,
90729072,6,
90739073,5,
90749074,5,
90759075,4,
90769076,5,
90789078,4,
90819081,6,
90829082,5,
90839083,5,
90849084,4,
90859085,5,
90869086,5,
90879087,4,
91029102,5,
91039103,4,
91049104,5,
91059105,6,
91069106,5,
91079107,5,
91089108,5,
91209120,5,
91239123,6,
91249124,5,
91259125,6,
91269126,5,
91279127,6,
91289128,5,
91309130,5,
91329132,6,
91349134,5,
91359135,4,
91369136,5,
91379137,5,
91389138,5,
91409140,5,
91429142,6,
91439143,6,
91459145,5,
91469146,5,
91479147,5,
91489148,5,
91509150,6,
91529152,5,
91539153,6,
91549154,5,
91569156,4,
91579157,3,
91589158,5,
91609160,3,
91629162,5,
91639163,5,
91649164,5,
91659165,5,
91679167,4,
91689168,4,
91709170,4,
91729172,5,
91739173,5,
91749174,5,
91759175,4,
91769176,5,
91789178,4,
91809180,5,
91829182,5,
91839183,5,
91849184,5,
91859185,5,
91869186,5,
91879187,4,
92019201,5,
92039203,5,
92049204,4,
92059205,5,
92069206,4,
92079207,4,
92089208,4,
92109210,5,
92139213,6,
92149214,6,
92159215,5,
92169216,5,
92179217,5,
92189218,5,
92309230,5,
92319231,5,
92349234,6,
92359235,5,
92369236,5,
92379237,5,
92389238,5,
92409240,5,
92419241,6,
92439243,5,
92459245,4,
92469246,5,
92479247,5,
92489248,4,
92509250,4,
92519251,5,
92539253,5,
92549254,5,
92569256,5,
92579257,4,
92589258,5,
92609260,5,
92619261,5,
92639263,5,
92649264,5,
92659265,5,
92679267,4,
92689268,3,
92709270,5,
92719271,4,
92739273,5,
92749274,5,
92759275,4,
92769276,4,
92789278,5,
92809280,4,
92819281,4,
92839283,5,
92849284,4,
92859285,4,
92869286,5,
92879287,4,
93019301,5,
93029302,5,
93049304,5,
93059305,5,
93069306,4,
93079307,5,
93089308,4,
93109310,5,
93129312,6,
93149314,6,
93159315,5,
93169316,5,
93179317,5,
93189318,4,
93209320,5,
93219321,6,
93249324,6,
93259325,6,
93269326,5,
93279327,5,
93289328,5,
93409340,5,
93419341,5,
93429342,5,
93459345,6,
93469346,5,
93479347,5,
93489348,5,
93509350,5,
93519351,5,
93529352,5,
93549354,5,
93569356,6,
93579357,5,
93589358,5,
93609360,5,
93619361,5,
93629362,5,
93649364,5,
93659365,5,
93679367,5,
93689368,4,
93709370,5,
93719371,4,
93729372,5,
93749374,5,
93759375,5,
93769376,5,
93789378,4,
93809380,5,
93819381,5,
93829382,5,
93849384,4,
93859385,6,
93869386,6,
93879387,4,
94019401,4,
94029402,5,
94039403,5,
94059405,5,
94069406,5,
94079407,5,
94089408,4,
94109410,5,
94129412,6,
94139413,5,
94159415,5,
94169416,5,
94179417,5,
94189418,5,
94209420,5,
94219421,6,
94239423,6,
94259425,4,
94269426,6,
94279427,5,
94289428,4,
94309430,5,
94319431,6,
94329432,6,
94359435,5,
94369436,5,
94379437,5,
94389438,5,
94509450,5,
94519451,4,
94529452,5,
94539453,5,
94569456,6,
94579457,4,
94589458,5,
94609460,5,
94619461,5,
94629462,5,
94639463,5,
94659465,5,
94679467,4,
94689468,4,
94709470,6,
94719471,5,
94729472,5,
94739473,5,
94759475,5,
94769476,5,
94789478,6,
94809480,5,
94819481,5,
94829482,5,
94839483,6,
94859485,6,
94869486,6,
94879487,5,
95019501,5,
95029502,6,
95039503,4,
95049504,4,
95069506,4,
95079507,4,
95089508,5,
95109510,5,
95129512,4,
95139513,5,
95149514,5,
95169516,5,
95179517,5,
95189518,6,
95209520,4,
95219521,4,
95239523,5,
95249524,5,
95269526,4,
95279527,5,
95289528,5,
95309530,4,
95319531,5,
95329532,5,
95349534,5,
95369536,5,
95379537,3,
95389538,4,
95409540,5,
95419541,5,
95429542,5,
95439543,5,
95469546,5,
95479547,5,
95489548,5,
95609560,4,
95619561,4,
95629562,5,
95639563,5,
95649564,4,
95679567,4,
95689568,4,
95709570,5,
95719571,4,
95729572,6,
95739573,5,
95749574,5,
95769576,5,
95789578,6,
95809580,5,
95819581,6,
95829582,6,
95839583,5,
95849584,5,
95869586,4,
95879587,5,
96019601,4,
96029602,4,
96039603,5,
96049604,5,
96059605,4,
96079607,5,
96089608,4,
96109610,5,
96129612,5,
96139613,5,
96149614,5,
96159615,5,
96179617,5,
96189618,6,
96209620,6,
96219621,5,
96239623,5,
96249624,5,
96259625,5,
96279627,5,
96289628,4,
96309630,5,
96319631,4,
96329632,5,
96349634,5,
96359635,4,
96379637,4,
96389638,4,
96409640,6,
96419641,5,
96429642,6,
96439643,5,
96459645,5,
96479647,5,
96489648,5,
96509650,5,
96519651,5,
96529652,5,
96539653,6,
96549654,5,
96579657,5,
96589658,5,
96709670,5,
96719671,4,
96729672,5,
96739673,5,
96749674,5,
96759675,5,
96789678,5,
96809680,4,
96819681,6,
96829682,6,
96839683,6,
96849684,4,
96859685,4,
96879687,4,
97019701,5,
97029702,4,
97039703,5,
97049704,4,
97059705,5,
97069706,5,
97089708,5,
97109710,5,
97129712,4,
97139713,5,
97149714,4,
97159715,5,
97169716,4,
97189718,5,
97209720,6,
97219721,5,
97239723,4,
97249724,4,
97259725,6,
97269726,5,
97289728,4,
97309730,4,
97319731,5,
97329732,5,
97349734,5,
97359735,4,
97369736,5,
97389738,5,
97409740,6,
97419741,4,
97429742,5,
97439743,4,
97459745,6,
97469746,5,
97489748,6,
97509750,4,
97519751,6,
97529752,6,
97539753,4,
97549754,5,
97569756,5,
97589758,5,
97609760,4,
97619761,5,
97629762,5,
97639763,5,
97649764,5,
97659765,4,
97689768,5,
97809780,5,
97819781,5,
97829782,6,
97839783,5,
97849784,5,
97859785,5,
97869786,5,
98019801,5,
98029802,5,
98039803,5,
98049804,4,
98059805,5,
98069806,4,
98079807,4,
98109810,5,
98129812,6,
98139813,4,
98149814,5,
98159815,5,
98169816,5,
98179817,4,
98209820,4,
98219821,5,
98239823,5,
98249824,4,
98259825,5,
98269826,6,
98279827,5,
98309830,3,
98319831,5,
98329832,5,
98349834,5,
98359835,4,
98369836,4,
98379837,5,
98409840,4,
98419841,5,
98429842,5,
98439843,5,
98459845,6,
98469846,6,
98479847,5,
98509850,4,
98519851,6,
98529852,6,
98539853,5,
98549854,5,
98569856,5,
98579857,5,
98609860,5,
98619861,5,
98629862,4,
98639863,5,
98649864,4,
98659865,4,
98679867,4,
98709870,4,
98719871,6,
98729872,6,
98739873,5,
98749874,5,
98759875,4,
98769876,5,
